file,link
47089555_p0.jpg,https://www.pixiv.net/en/artworks/47089555
88588892_p0.png,https://www.pixiv.net/en/artworks/88588892
89433360_p0.jpg,https://www.pixiv.net/en/artworks/89433360
90209969_p0.jpg,https://www.pixiv.net/en/artworks/90209969
90899797_p0.jpg,https://www.pixiv.net/en/artworks/90899797
91921895_p0.jpg,https://www.pixiv.net/en/artworks/91921895
93425255_p0.jpg,https://www.pixiv.net/en/artworks/93425255
94982142_p0.png,https://www.pixiv.net/en/artworks/94982142
72011358_p0.png,https://www.pixiv.net/en/artworks/72011358
55372456_p0.jpg,https://www.pixiv.net/en/artworks/55372456
73497750_p0.jpg,https://www.pixiv.net/en/artworks/73497750
76991851_p0.jpg,https://www.pixiv.net/en/artworks/76991851
80353930_p0.png,https://www.pixiv.net/en/artworks/80353930
98373350_p0.jpg,https://www.pixiv.net/en/artworks/98373350